title_theme,title_index,author,theme,cycle,collection,mss_ff,mss,ff,page,mss_index,material_class,size_class,cent_i,cent_s
heroica,heroica,flavius philostratus,classical romances,cycle of troy,royal,16. c. xxiii. ff. 2-69 b,16. c. xxiii.,ff. 2-69 b,1,royal 16. c. xxiii. ff. 2-69 b,vellum,quarto,15.0,15e
iliaca,iliaca,joannes tzetzes,classical romances,cycle of troy,royal,16. c. iv. a. b.,16. c. iv. a. b.,,2,royal 16. c. iv. a. b.,paper,quarto,16.0,16e
iliaca,iliaca,joannes tzetzes,classical romances,cycle of troy,royal,16. d. iii. a. b.,16. d. iii. a. b.,,2,royal 16. d. iii. a. b.,paper,,6.0,6e
iliaca,iliaca,joannes tzetzes,classical romances,cycle of troy,harley,harley 5662. ff. 1-56,harley 5662.,ff. 1-56,2,harley 5662. ff. 1-56,paper,quarto,15.0,15e
dictys cretensis,dictys cretensis,,classical romances,cycle of troy,harley,harley 3514,harley 3514,,9,harley 3514,vellum,octavo,15.0,15e
dictys cretensis,dictys cretensis,,classical romances,cycle of troy,burney,burney 170,burney 170,,9,burney 170,,,,unknown
dictys cretensis,dictys cretensis,,classical romances,cycle of troy,additional,"add. 15,429","add. 15,429",,9,"additional add. 15,429",paper,octavo,15.0,15e
dares phrygius,dares phrygius,,classical romances,cycle of troy,royal,6. c. viii. ff. 123-133 b,6. c. viii.,ff. 123-133 b,12,royal 6. c. viii. ff. 123-133 b,vellum,folio,13.0,13e
dares phrygius,dares phrygius,,classical romances,cycle of troy,royal,10. a. x. ff. 188-192 b,10. a. x.,ff. 188-192 b,12,royal 10. a. x. ff. 188-192 b,vellum,quarto,,unknown
dares phrygius,dares phrygius,,classical romances,cycle of troy,royal,13. a. v. ff. 88 b-98 b,13. a. v.,ff. 88 b-98 b,12,royal 13. a. v. ff. 88 b-98 b,vellum,quarto,,unknown
dares phrygius,dares phrygius,,classical romances,cycle of troy,royal,15. a. xxii. ff. 73-90,15. a. xxii.,ff. 73-90,12,royal 15. a. xxii. ff. 73-90,vellum,quarto,12.0,12e
dares phrygius,dares phrygius,,classical romances,cycle of troy,royal,15. b. xi. ff. 57-66 b,15. b. xi.,ff. 57-66 b,12,royal 15. b. xi. ff. 57-66 b,vellum,quarto,,unknown
dares phrygius,dares phrygius,,classical romances,cycle of troy,cotton,caligula b. vii. ff. 214-218 b,caligula b. vii.,ff. 214-218 b,12,cotton caligula b. vii. ff. 214-218 b,,,,unknown
dares phrygius,dares phrygius,,classical romances,cycle of troy,cotton,vitellius a. xiii. ff. 90,vitellius a. xiii.,ff. 90,12,cotton vitellius a. xiii. ff. 90,,,,unknown
dares phrygius,dares phrygius,,classical romances,cycle of troy,cotton,vitellius c. viii. ff. 5 b-6 b,vitellius c. viii.,ff. 5 b-6 b,12,cotton vitellius c. viii. ff. 5 b-6 b,vellum,folio,,unknown
dares phrygius,dares phrygius,,classical romances,cycle of troy,cotton,vespasian b. xxv. ff. 98 b-117,vespasian b. xxv.,ff. 98 b-117,12,cotton vespasian b. xxv. ff. 98 b-117,vellum,quarto,,unknown
dares phrygius,dares phrygius,,classical romances,cycle of troy,cotton,cleopatra b. v. ff. 222-250,cleopatra b. v.,ff. 222-250,12,cotton cleopatra b. v. ff. 222-250,vellum,quarto,15.0,15e
dares phrygius,dares phrygius,,classical romances,cycle of troy,harley,harley 641. ff. 1-8,harley 641.,ff. 1-8,12,harley 641. ff. 1-8,vellum,folio,5.0,5e
dares phrygius,dares phrygius,,classical romances,cycle of troy,burney,burney 216. ff. 89-93 b,burney 216.,ff. 89-93 b,12,burney 216. ff. 89-93 b,,,,unknown
dares phrygius,dares phrygius,,classical romances,cycle of troy,burney,burney 280. ff. 20 b-38 b,burney 280.,ff. 20 b-38 b,12,burney 280. ff. 20 b-38 b,,,,unknown
dares phrygius,dares phrygius,,classical romances,cycle of troy,sloane,sloane 1619 ff. 29-37 b,sloane 1619,ff. 29-37 b,12,sloane 1619 ff. 29-37 b,vellum,octavo,,unknown
dares phrygius,dares phrygius,,classical romances,cycle of troy,additional,"add. 10,094. ff. 1-14 b","add. 10,094.",ff. 1-14 b,12,"additional add. 10,094. ff. 1-14 b",vellum,quarto,15.0,15e
dares phrygius,dares phrygius,,classical romances,cycle of troy,additional,"add. 15,042","add. 15,042",,12,"additional add. 15,042",paper,quarto,19.0,19e
dares phrygius,dares phrygius,,classical romances,cycle of troy,additional,"add. 19,709. ff. 1-7","add. 19,709.",ff. 1-7,12,"additional add. 19,709. ff. 1-7",vellum,quarto,15.0,15e
latin poems,,"simon chèvre d'or, etc",classical romances,cycle of troy,,,,,27,,paper,folio,,unknown
roman de troie,roman de troie,benoît de sainte-more,classical romances,cycle of troy,harley,harley 4482,harley 4482,,35,harley 4482,vellum,,,unknown
roman de troie,roman de troie,benoît de sainte-more,classical romances,cycle of troy,additional,add. 30863,add. 30863,,35,additional add. 30863,vellum,octavo,,unknown
historia trojana,historia trojana,guido delle colonne,classical romances,cycle of troy,royal,12. d. iii. ff. 38-143,12. d. iii.,ff. 38-143,40,royal 12. d. iii. ff. 38-143,vellum,quarto,15.0,15e
historia trojana,historia trojana,guido delle colonne,classical romances,cycle of troy,royal,13. c. xii. ff. 6-32 b,13. c. xii.,ff. 6-32 b,40,royal 13. c. xii. ff. 6-32 b,vellum,folio,15.0,15e
historia trojana,historia trojana,guido delle colonne,classical romances,cycle of troy,royal,15. c. xvi. ff. 86-145,15. c. xvi.,ff. 86-145,40,royal 15. c. xvi. ff. 86-145,vellum,folio,14.0,14e
historia trojana,historia trojana,guido delle colonne,classical romances,cycle of troy,royal,16. f. ix.,16. f. ix.,,40,royal 16. f. ix.,vellum,folio,15.0,15e
historia trojana,historia trojana,guido delle colonne,classical romances,cycle of troy,harley,harley 51. ff. 3-105 b,harley 51.,ff. 3-105 b,40,harley 51. ff. 3-105 b,,,,unknown
historia trojana,historia trojana,guido delle colonne,classical romances,cycle of troy,harley,harley 176,harley 176,,40,harley 176,,,15.0,15e
historia trojana,historia trojana,guido delle colonne,classical romances,cycle of troy,harley,harley 3637,harley 3637,,40,harley 3637,vellum,folio,15.0,15e
historia trojana,historia trojana,guido delle colonne,classical romances,cycle of troy,harley,harley 3681,harley 3681,,40,harley 3681,paper,folio,15.0,15e
historia trojana,historia trojana,guido delle colonne,classical romances,cycle of troy,harley,harley 4123. ff. 50-126,harley 4123.,ff. 50-126,40,harley 4123. ff. 50-126,vellum,folio,14.0,14e
historia trojana,historia trojana,guido delle colonne,classical romances,cycle of troy,harley,harley 4387,harley 4387,,40,harley 4387,paper,quarto,15.0,15e
historia trojana,historia trojana,guido delle colonne,classical romances,cycle of troy,lansdowne,lansdowne 229. ff. 164,lansdowne 229.,ff. 164,40,lansdowne 229. ff. 164,vellum,folio,,unknown
historia trojana,historia trojana,guido delle colonne,classical romances,cycle of troy,arundel,arundel 6 ff. 242-342 b,arundel 6,ff. 242-342 b,40,arundel 6 ff. 242-342 b,paper,folio,,unknown
historia trojana,historia trojana,guido delle colonne,classical romances,cycle of troy,arundel,arundel 174,arundel 174,,40,arundel 174,vellum,octavo,15.0,15e
historia trojana,historia trojana,guido delle colonne,classical romances,cycle of troy,additional,add. 9785,add. 9785,,40,additional add. 9785,paper,quarto,15.0,15e
historia trojana,historia trojana,guido delle colonne,classical romances,cycle of troy,additional,"add. 15,477","add. 15,477",,40,"additional add. 15,477",vellum,folio,,unknown
historia trojana,historia trojana,guido delle colonne,classical romances,cycle of troy,additional,"add. 22,155","add. 22,155",,40,"additional add. 22,155",vellum,folio,,unknown
trojumanna saga,trójumanna saga,,classical romances,cycle of troy,additional,add. 4869. ff. 2-66,add. 4869.,ff. 2-66,62,additional add. 4869. ff. 2-66,paper,folio,17.0,17e
rimur af trojumonnum,rimur from trójumanna saga,jon jonsson,classical romances,cycle of troy,additional,"add. 11,113. ff. 171-281","add. 11,113.",ff. 171-281,63,"additional add. 11,113. ff. 171-281",paper,folio,1.0,1e
latin history of troy,history of troy,,classical romances,cycle of troy,burney,burney 186. ff. 116-128,burney 186.,ff. 116-128,66,burney 186. ff. 116-128,,,,unknown
filostrato,filostrato,boccaccio,classical romances,cycle of troy,additional,"add. 21,246","add. 21,246",,67,"additional add. 21,246",vellum,folio,,unknown
troilus and chryseyde,troilus and cryseyde,chaucer,classical romances,cycle of troy,harley,harley 1239. ff. 1-62 b,harley 1239.,ff. 1-62 b,70,harley 1239. ff. 1-62 b,vellum,folio,15.0,15e
troilus and chryseyde,troilus and cryseyde,chaucer,classical romances,cycle of troy,harley,harley 2280,harley 2280,,70,harley 2280,vellum,folio,15.0,15e
troilus and chryseyde,troilus and cryseyde,chaucer,classical romances,cycle of troy,harley,harley 2392,harley 2392,,70,harley 2392,paper,quarto,15.0,15e
troilus and chryseyde,troilus and cryseyde,chaucer,classical romances,cycle of troy,harley,harley 3943,harley 3943,,70,harley 3943,,,,unknown
troilus and chryseyde,troilus and cryseyde,chaucer,classical romances,cycle of troy,harley,harley 4912,harley 4912,,70,harley 4912,vellum,folio,15.0,15e
troilus and chryseyde,troilus and cryseyde,chaucer,classical romances,cycle of troy,additional,"add. 12,044","add. 12,044",,70,"additional add. 12,044",vellum,quarto,15.0,15e
troy book,troy book,lydgate,classical romances,cycle of troy,royal,18. d. ii. ff. 6-146,18. d. ii.,ff. 6-146,75,royal 18. d. ii. ff. 6-146,vellum,folio,15.0,15e
troy book,troy book,lydgate,classical romances,cycle of troy,royal,18. d. vi.,18. d. vi.,,75,royal 18. d. vi.,vellum,folio,15.0,15e
troy book,troy book,lydgate,classical romances,cycle of troy,cotton,augustus a. iv.,augustus a. iv.,,75,cotton augustus a. iv.,,,,unknown
troy book,troy book,lydgate,classical romances,cycle of troy,arundel,arundel 99,arundel 99,,75,arundel 99,,,,unknown
roman d'eneas,roman d'eneas,,classical romances,cycle of troy,additional,"add. 14,100","add. 14,100",,82,"additional add. 14,100",vellum,folio,5.0,5e
romance of troy,romance of troy,,classical romances,cycle of troy,harley,harley 525. ff. 1-34 b,harley 525.,ff. 1-34 b,84,harley 525. ff. 1-34 b,vellum,quarto,,unknown
romance of thebes,romance of thebes,lydgate,classical romances,,cotton,"cotton appendix xxvii. ff. 11-61; formerly ff. 106-130 b, and xxxix. ff. 80-103 b",cotton appendix xxvii.,"ff. 11-61; formerly ff. 106-130 b, and xxxix. ff. 80-103 b",87,"cotton appendix xxvii. ff. 11-61; formerly ff. 106-130 b, and xxxix. ff. 80-103 b",,,,unknown
romance of thebes,romance of thebes,lydgate,classical romances,,arundel,arundel 119,arundel 119,,87,arundel 119,vellum,folio,15.0,15e
romance of thebes,romance of thebes,lydgate,classical romances,,additional,"add. 18,632. ff. 5-33","add. 18,632.",ff. 5-33,87,"additional add. 18,632. ff. 5-33",vellum,folio,15.0,15e
"romance of jason, from raoul le fèvre (dutch)",romance of jason,,classical romances,,additional,"add. 10,290. ff. 2-161","add. 10,290.",ff. 2-161,92,"additional add. 10,290. ff. 2-161",paper,folio,15.0,15e
alexandreis,alexandreis,gaultier de châtillon,classical romances,cycle of alexander,royal,8. b. iv. ff. 19-71 b,8. b. iv.,ff. 19-71 b,94,royal 8. b. iv. ff. 19-71 b,vellum,octavo,1.0,1e
alexandreis,alexandreis,gaultier de châtillon,classical romances,cycle of alexander,royal,15. a. x. ff. 2-89,15. a. x.,ff. 2-89,94,royal 15. a. x. ff. 2-89,,octavo,,unknown
alexandreis,alexandreis,gaultier de châtillon,classical romances,cycle of alexander,harley,harley 4745,harley 4745,,94,harley 4745,paper,quarto,14.0,14e
alexandreis,alexandreis,gaultier de châtillon,classical romances,cycle of alexander,harley,harley 5437,harley 5437,,94,harley 5437,vellum,quarto,,unknown
alexandreis,alexandreis,gaultier de châtillon,classical romances,cycle of alexander,burney,burney 312,burney 312,,94,burney 312,,,,unknown
alexandreis,alexandreis,gaultier de châtillon,classical romances,cycle of alexander,additional,"add. 17,084","add. 17,084",,94,"additional add. 17,084",vellum,quarto,15.0,15e
alexandreis,alexandreis,gaultier de châtillon,classical romances,cycle of alexander,additional,"add. 18,217","add. 18,217",,94,"additional add. 18,217",vellum,quarto,5.0,5e
alexandreis,alexandreis,gaultier de châtillon,classical romances,cycle of alexander,additional,"add. 22,821","add. 22,821",,94,"additional add. 22,821",paper,folio,15.0,15e
alexanders saga,alexander saga,brandr jonsson,classical romances,cycle of alexander,additional,"add. 11,238. ff. 507-692 b","add. 11,238.",ff. 507-692 b,104,"additional add. 11,238. ff. 507-692 b",,,,unknown
alexanders saga,alexander saga,brandr jonsson,classical romances,cycle of alexander,additional,"add. 24,969. ff. 128 b-151 b","add. 24,969.",ff. 128 b-151 b,104,"additional add. 24,969. ff. 128 b-151 b",paper,folio,18.0,18e
"marvels of india, etc",marvels of india,,classical romances,cycle of alexander,cotton,vitellius a. xv. ff. 109-133 b,vitellius a. xv.,ff. 109-133 b,131,cotton vitellius a. xv. ff. 109-133 b,,,,unknown
"marvels of india, etc",marvels of india,,classical romances,cycle of alexander,arundel,arundel 242. ff. 160-182,arundel 242.,ff. 160-182,131,arundel 242. ff. 160-182,,,,unknown
"treatise on the brahmins, ascribed to palladius of galatia",treatise on the brahmins,,classical romances,cycle of alexander,arundel,arundel 546. ff. 265 b-280 b,arundel 546.,ff. 265 b-280 b,134,arundel 546. ff. 265 b-280 b,,,,unknown
"letters of dindimus the brahmin, etc",letters of dindimus to alexander the great,,classical romances,cycle of alexander,cotton,galba e. xi. ff. 98 b-101 b,galba e. xi.,ff. 98 b-101 b,136,cotton galba e. xi. ff. 98 b-101 b,vellum,folio,5.0,5e
la vengeance d'alexandre,la vengeance d'alexandre,,classical romances,cycle of alexander,royal,19. d. i. ff. 47-57,19. d. i.,ff. 47-57,143,royal 19. d. i. ff. 47-57,vellum,folio,14.0,14e
voeux du paon,voeux du paon,,classical romances,cycle of alexander,harley,harley 3992,harley 3992,,146,harley 3992,vellum,octavo,,unknown
voeux du paon,voeux du paon,,classical romances,cycle of alexander,arundel,arundel 230 ff. 181 b,arundel 230,ff. 181 b,146,arundel 230 ff. 181 b,vellum,folio,,unknown
voeux du paon,voeux du paon,,classical romances,cycle of alexander,additional,"add. 16,956","add. 16,956",,146,"additional add. 16,956",paper,quarto,19.0,19e
voeux du paon,voeux du paon,,classical romances,cycle of alexander,additional,add. 30864,add. 30864,,146,additional add. 30864,vellum,quarto,5.0,5e
florimont,florimont,aimé de varennes,classical romances,cycle of alexander,harley,harley 3983. ff. 2-82 b,harley 3983.,ff. 2-82 b,156,harley 3983. ff. 2-82 b,vellum,folio,14.0,14e
florimont,florimont,aimé de varennes,classical romances,cycle of alexander,harley,harley 4487. ff. 3-96,harley 4487.,ff. 3-96,156,harley 4487. ff. 3-96,vellum,folio,,unknown
apollonius of tyre,apollonius of tyre,,classical romances,,royal,14. c. xi. ff. 80-83 b,14. c. xi.,ff. 80-83 b,161,royal 14. c. xi. ff. 80-83 b,vellum,folio,,unknown
apollonius of tyre,apollonius of tyre,,classical romances,,royal,20. c. ii. ff. 210-236,20. c. ii.,ff. 210-236,161,royal 20. c. ii. ff. 210-236,vellum,folio,15.0,15e
apollonius of tyre,apollonius of tyre,,classical romances,,cotton,vespasian a. xiii. ff. 132-147 b,vespasian a. xiii.,ff. 132-147 b,161,cotton vespasian a. xiii. ff. 132-147 b,vellum,quarto,15.0,15e
apollonius of tyre,apollonius of tyre,,classical romances,,cotton,titus d. iii. ff. 127-137 b,titus d. iii.,ff. 127-137 b,161,cotton titus d. iii. ff. 127-137 b,vellum,octavo,4.0,4e
apollonius of tyre,apollonius of tyre,,classical romances,,arundel,arundel 123. ff. 33-42 b,arundel 123.,ff. 33-42 b,161,arundel 123. ff. 33-42 b,vellum,folio,14.0,14e
apollonius of tyre,apollonius of tyre,,classical romances,,arundel,arundel 292. ff. 41-61,arundel 292.,ff. 41-61,161,arundel 292. ff. 41-61,,,,unknown
apollonius of tyre,apollonius of tyre,,classical romances,,sloane,sloane 2233,sloane 2233,,161,sloane 2233,paper,,,unknown
apollonius of tyre,apollonius of tyre,,classical romances,,additional,add. 4857. ff. 28-56 b,add. 4857.,ff. 28-56 b,161,additional add. 4857. ff. 28-56 b,paper,folio,17.0,17e
apollonius of tyre,apollonius of tyre,,classical romances,,additional,add. 4864. ff. 88-114 b,add. 4864.,ff. 88-114 b,161,additional add. 4864. ff. 88-114 b,paper,folio,,unknown
sir orpheo,sir orpheo,,classical romances,,harley,harley 3810. part i. ff. 1-10,harley 3810. part i.,ff. 1-10,171,harley 3810. part i. ff. 1-10,paper,,,unknown
athis et profilias,roman d'athis et profilas,alexandre de bernay,classical romances,,additional,"add. 16,441","add. 16,441",,173,"additional add. 16,441",vellum,quarto,14.0,14e
"titus and vespasian, a chanson de geste",titus and vespasian,,classical romances,,royal,16. e. viii. ff. 73-102 b,16. e. viii.,ff. 73-102 b,176,royal 16. e. viii. ff. 73-102 b,vellum,octavo,1.0,1e
"titus and vespasian, a chanson de geste",titus and vespasian,,classical romances,,cotton,caligula a. ii. ff. 111-125,caligula a. ii.,ff. 111-125,176,cotton caligula a. ii. ff. 111-125,paper,octavo,,unknown
"titus and vespasian, a chanson de geste",titus and vespasian,,classical romances,,cotton,vespasian e. xvi. ff. 70-75 b,vespasian e. xvi.,ff. 70-75 b,176,cotton vespasian e. xvi. ff. 70-75 b,vellum,quarto,15.0,15e
"titus and vespasian, a chanson de geste",titus and vespasian,,classical romances,,additional,"add. 10,038. ff. 2-81 b","add. 10,038.",ff. 2-81 b,176,"additional add. 10,038. ff. 2-81 b",vellum,octavo,,unknown
"titus and vespasian, a chanson de geste",titus and vespasian,,classical romances,,additional,"add. 10,289. ff. 82-121","add. 10,289.",ff. 82-121,176,"additional add. 10,289. ff. 82-121",vellum,quarto,,unknown
"titus and vespasian, a chanson de geste",titus and vespasian,,classical romances,,additional,add. 31042 ff 50-66,add. 31042,ff50-66,176,additional add. 31042 ff 50-66,paper,quarto,,unknown
prophecy of the tenth sibyl,prophecy of the tenth sibyl,,classical romances,,royal,13. a. xiv. ff. 244-247,13. a. xiv.,ff. 244-247,190,royal 13. a. xiv. ff. 244-247,vellum,quarto,,unknown
prophecy of the tenth sibyl,prophecy of the tenth sibyl,,classical romances,,cotton,caligula a. x. ff. 200-204,caligula a. x.,ff. 200-204,190,cotton caligula a. x. ff. 200-204,,quarto,,unknown
prophecy of the tenth sibyl,prophecy of the tenth sibyl,,classical romances,,cotton,vespasian e. iv. ff. 143-147,vespasian e. iv.,ff. 143-147,190,cotton vespasian e. iv. ff. 143-147,vellum,quarto,,unknown
prophecy of the tenth sibyl,prophecy of the tenth sibyl,,classical romances,,cotton,domitian xiii. ff. 104-107,domitian xiii.,ff. 104-107,190,cotton domitian xiii. ff. 104-107,vellum,quarto,,unknown
prophecy of the tenth sibyl,prophecy of the tenth sibyl,,classical romances,,egerton,egerton 810 ff. 106-109 b,egerton 810,ff. 106-109 b,190,egerton 810 ff. 106-109 b,vellum,,,unknown
"life of virgil, in icelandic (from the dutch)",life of virgilius,,classical romances,,additional,add. 4859. ff. 81 b-91,add. 4859.,ff. 81 b-91,196,additional add. 4859. ff. 81 b-91,paper,folio,,unknown
"life of virgil, in icelandic (from the dutch)",life of virgilius,,classical romances,,additional,"add. 11,141. ff. 132-147","add. 11,141.",ff. 132-147,196,"additional add. 11,141. ff. 132-147",paper,quarto,,unknown
"albina and her sisters, or de origine gigantum",story of albina and her sisters,,british and english traditions,,cotton,"nero d. viii. ff. 186, 187",nero d. viii.,"ff. 186, 187",198,"cotton nero d. viii. ff. 186, 187",vellum,folio,4.0,4e
"albina and her sisters, or de origine gigantum",story of albina and her sisters,,british and english traditions,,cotton,vespasian e. x. ff. 390 b-392,vespasian e. x.,ff. 390 b-392,198,cotton vespasian e. x. ff. 390 b-392,vellum,octavo,15.0,15e
"albina and her sisters, or de origine gigantum",story of albina and her sisters,,british and english traditions,,cotton,titus a. xix. ff. 103,titus a. xix.,ff. 103,198,cotton titus a. xix. ff. 103,paper,quarto,,unknown
"albina and her sisters, or de origine gigantum",story of albina and her sisters,,british and english traditions,,cotton,cleopatra d. viii. ff. 3 b-5,cleopatra d. viii.,ff. 3 b-5,198,cotton cleopatra d. viii. ff. 3 b-5,,,,unknown
"albina and her sisters, or de origine gigantum",story of albina and her sisters,,british and english traditions,,cotton,"cleopatra d. ix. ff. 67, 68",cleopatra d. ix.,"ff. 67, 68",198,"cotton cleopatra d. ix. ff. 67, 68",vellum,folio,,unknown
"albina and her sisters, or de origine gigantum",story of albina and her sisters,,british and english traditions,,harley,harley 941. ff. 1-3,harley 941.,ff. 1-3,198,harley 941. ff. 1-3,paper,,,unknown
"albina and her sisters, or de origine gigantum",story of albina and her sisters,,british and english traditions,,harley,harley 2386. ff. 65 b-67,harley 2386.,ff. 65 b-67,198,harley 2386. ff. 65 b-67,paper,quarto,5.0,5e
historia regum britannia,historia regum britannia,geoffrey of monmouth,british and english traditions,,royal,14. c. i. ff. 80-137,14. c. i.,ff. 80-137,203,royal 14. c. i. ff. 80-137,vellum,folio,5.0,5e
roman de brut,roman de brut,wace,british and english traditions,,royal,13. a. xxi. ff. 40 b-113,13. a. xxi.,ff. 40 b-113,259,royal 13. a. xxi. ff. 40 b-113,vellum,quarto,,unknown
roman de brut,roman de brut,wace,british and english traditions,,cotton,vitellius a. x. ff. 19-114 b,vitellius a. x.,ff. 19-114 b,259,cotton vitellius a. x. ff. 19-114 b,,,,unknown
roman de brut,roman de brut,wace,british and english traditions,,harley,harley 6508,harley 6508,,259,harley 6508,vellum,folio,,unknown
lazamon's brut,lazamon's brut,,british and english traditions,,cotton,caligula a. ix. ff. 3-194 b,caligula a. ix.,ff. 3-194 b,268,cotton caligula a. ix. ff. 3-194 b,,,,unknown
chanson de brut,chanson de brut,,british and english traditions,,harley,harley 1605. art. i.,harley 1605. art. i.,,272,harley 1605. art. i.,vellum,quarto,,unknown
gesta regum britanniae,gesta regum britannia,pseudo-gildas,british and english traditions,,cotton,julius d. xi. ff. 2-60,julius d. xi.,ff. 2-60,274,cotton julius d. xi. ff. 2-60,vellum,quarto,14.0,14e
brutus,brutus,,british and english traditions,,cotton,vespasian a. x. ff. 44 b-51,vespasian a. x.,ff. 44 b-51,277,cotton vespasian a. x. ff. 44 b-51,vellum,folio,,unknown
vita merlini,vita merlini,geffrey of monmouth,british and english traditions,,royal,13. e. i. ff. 143-146,13. e. i.,ff. 143-146,278,royal 13. e. i. ff. 143-146,vellum,folio,19.0,19e
vita merlini,vita merlini,geffrey of monmouth,british and english traditions,,cotton,julius e. viii. ff. 12 b-17 b,julius e. viii.,ff. 12 b-17 b,278,cotton julius e. viii. ff. 12 b-17 b,vellum,folio,,unknown
vita merlini,vita merlini,geffrey of monmouth,british and english traditions,,harley,harley 655. ff. 200 b-204 b,harley 655.,ff. 200 b-204 b,278,harley 655. ff. 200 b-204 b,vellum,folio,14.0,14e
prophecies of merlin and others,prophecies of merlin and others,,british and english traditions,,harley,harley 1717. ff. 249 b-250 b,harley 1717.,ff. 249 b-250 b,292,harley 1717. ff. 249 b-250 b,vellum,folio,,unknown
"thomas of erceldoune, etc",thomas of erceldoune,,british and english traditions,,cotton,vitellius e. x. ff. 240 b-243,vitellius e. x.,ff. 240 b-243,328,cotton vitellius e. x. ff. 240 b-243,paper,folio,,unknown
"thomas of erceldoune, etc",thomas of erceldoune,,british and english traditions,,lansdowne,"lansdowne 762. ff. 24-31, 48-58 b, 61 b-71, 75-88",lansdowne 762.,"ff. 24-31, 48-58 b, 61 b-71, 75-88",328,"lansdowne 762. ff. 24-31, 48-58 b, 61 b-71, 75-88",paper,quarto,,unknown
kinge humber,king humber,,british and english traditions,,additional,add. 27879 f 248,add. 27879 f 248,,339,additional add. 27879 f 248,paper,folio,,unknown
saint graal,saint graal,,british and english traditions,cycle of arthur,royal,14. e. iii. ff. 3-88 b,14. e. iii.,ff. 3-88 b,340,royal 14. e. iii. ff. 3-88 b,vellum,folio,,unknown
saint graal,saint graal,,british and english traditions,cycle of arthur,royal,19. c. vii.,19. c. vii.,,340,royal 19. c. vii.,vellum,folio,,unknown
saint graal,saint graal,,british and english traditions,cycle of arthur,additional,"add. 10,292. ff. 1-76","add. 10,292.",ff. 1-76,340,"additional add. 10,292. ff. 1-76",,,,unknown
merlin,merlin,,british and english traditions,cycle of arthur,harley,harley 6223. art. i.,harley 6223. art. i.,,343,harley 6223. art. i.,paper,folio,16.0,16e
merlin,merlin,,british and english traditions,cycle of arthur,harley,harley 6340,harley 6340,,343,harley 6340,paper,folio,,unknown
merlin,merlin,,british and english traditions,cycle of arthur,additional,add. 27879 ff. 72 b-89,add. 27879,ff. 72 b-89,343,additional add. 27879 ff. 72 b-89,paper,,,unknown
lancelot du lac,lancelot du lac,,british and english traditions,cycle of arthur,royal,19. b. vii.,19. b. vii.,,345,royal 19. b. vii.,vellum,quarto,,unknown
lancelot du lac,lancelot du lac,,british and english traditions,cycle of arthur,royal,19. c. viii.,19. c. viii.,,345,royal 19. c. viii.,vellum,folio,,unknown
lancelot du lac,lancelot du lac,,british and english traditions,cycle of arthur,royal,20. b. xix.,20. b. xix.,,345,royal 20. b. xix.,,,,unknown
lancelot du lac,lancelot du lac,,british and english traditions,cycle of arthur,royal,20. c. vi.,20. c. vi.,,345,royal 20. c. vi.,vellum,folio,14.0,14e
lancelot du lac,lancelot du lac,,british and english traditions,cycle of arthur,royal,20. d. iii.,20. d. iii.,,345,royal 20. d. iii.,vellum,folio,14.0,14e
lancelot du lac,lancelot du lac,,british and english traditions,cycle of arthur,royal,20. d. iv.,20. d. iv.,,345,royal 20. d. iv.,,folio,14.0,14e
lancelot du lac,lancelot du lac,,british and english traditions,cycle of arthur,harley,harley 4419,harley 4419,,345,harley 4419,,,,unknown
lancelot du lac,lancelot du lac,,british and english traditions,cycle of arthur,harley,harley 6341,harley 6341,,345,harley 6341,paper,folio,,unknown
lancelot du lac,lancelot du lac,,british and english traditions,cycle of arthur,lansdowne,lansdowne 757,lansdowne 757,,345,lansdowne 757,vellum,quarto,,unknown
lancelot du lac,lancelot du lac,,british and english traditions,cycle of arthur,additional,"add. 10,293","add. 10,293",,345,"additional add. 10,293",,,,unknown
lancelot du lac,lancelot du lac,,british and english traditions,cycle of arthur,additional,"add. 10,294","add. 10,294",,345,"additional add. 10,294",vellum,folio,4.0,4e
lancelot du lac,lancelot du lac,,british and english traditions,cycle of arthur,additional,"add. 17,443","add. 17,443",,345,"additional add. 17,443",vellum,folio,1.0,1e
tristram,tristram,,british and english traditions,cycle of arthur,royal,20. d. ii.,20. d. ii.,,356,royal 20. d. ii.,vellum,folio,5.0,5e
tristram,tristram,,british and english traditions,cycle of arthur,harley,harley 49,harley 49,,356,harley 49,,,,unknown
tristram,tristram,,british and english traditions,cycle of arthur,harley,harley 4389,harley 4389,,356,harley 4389,,,,unknown
tristram,tristram,,british and english traditions,cycle of arthur,additional,add. 5474,add. 5474,,356,additional add. 5474,vellum,folio,14.0,14e
tristram,tristram,,british and english traditions,cycle of arthur,additional,"add. 23,829","add. 23,829",,356,"additional add. 23,829",vellum,,,unknown
tristram,tristram,,british and english traditions,cycle of arthur,egerton,egerton 989,egerton 989,,356,egerton 989,,,,unknown
meliadus,meliadus,,british and english traditions,cycle of arthur,additional,"add. 12,228","add. 12,228",,364,"additional add. 12,228",vellum,folio,14.0,14e
guiron le courtois,guiron le courtois,,british and english traditions,cycle of arthur,additional,"add. 23,930. ff. 1-87 b","add. 23,930.",ff. 1-87 b,369,"additional add. 23,930. ff. 1-87 b",vellum,folio,14.0,14e
prophecies de merlin,prophecies de merlin,,british and english traditions,cycle of arthur,harley,harley 1629,harley 1629,,371,harley 1629,vellum,quarto,,unknown
prophecies de merlin,prophecies de merlin,,british and english traditions,cycle of arthur,additional,"add. 25,434","add. 25,434",,371,"additional add. 25,434",vellum,folio,,unknown
"meriadoc, and gawain",meriadoc and gawain,,british and english traditions,cycle of arthur,cotton,faustina b. vi. ff. 2-40 b,faustina b. vi.,ff. 2-40 b,374,cotton faustina b. vi. ff. 2-40 b,vellum,quarto,14.0,14e
perceforest,perceforest,,british and english traditions,cycle of arthur,royal,15. e. v.,15. e. v.,,377,royal 15. e. v.,,,,unknown
perceforest,perceforest,,british and english traditions,cycle of arthur,royal,19. e. ii.,19. e. ii.,,377,royal 19. e. ii.,,,,unknown
perceforest,perceforest,,british and english traditions,cycle of arthur,royal,19. e. iii.,19. e. iii.,,377,royal 19. e. iii.,,,,unknown
artus de bretagne,artus de bretagne,,british and english traditions,cycle of arthur,additional,"add. 10,295","add. 10,295",,382,"additional add. 10,295",paper,quarto,15.0,15e
"birth of merlin, in french verse",birth of merlin,,british and english traditions,cycle of arthur,arundel,arundel 220. art. l,arundel 220. art. l,,384,arundel 220. art. l,vellum,quarto,14.0,14e
"sir gawain and the green knight, and other similar english poems",sir gawain and the green knight,,british and english traditions,cycle of arthur,cotton,nero a. x. ff. 90 b-126,nero a. x.,ff. 90 b-126,387,cotton nero a. x. ff. 90 b-126,vellum,quarto,14.0,14e
iwein,iwein,hartmann von aue,british and english traditions,cycle of arthur,additional,"add. 19,554. ff. 57-100 b","add. 19,554.",ff. 57-100 b,390,"additional add. 19,554. ff. 57-100 b",paper,quarto,1.0,1e
ywain and gawain,ywain and gawain,,british and english traditions,cycle of arthur,cotton,galba e. ix. ff. 4-25,galba e. ix.,ff. 4-25,392,cotton galba e. ix. ff. 4-25,vellum,folio,15.0,15e
"peredur ab efrawc, and parcevals saga",peredur ab efrawc,,british and english traditions,cycle of arthur,additional,"add. 14,907. ff. 149-167","add. 14,907.",ff. 149-167,395,"additional add. 14,907. ff. 149-167",paper,folio,15.0,15e
gabons saga ok vigoles,gabons saga ok vigolea,,british and english traditions,cycle of arthur,additional,"add. 11,157. ff. 1-46 b","add. 11,157.",ff. 1-46 b,402,"additional add. 11,157. ff. 1-46 b",paper,quarto,18.0,18e
morte arthur,morte arthur,,british and english traditions,cycle of arthur,harley,harley 2252. ff. 86-133 b,harley 2252.,ff. 86-133 b,405,harley 2252. ff. 86-133 b,paper,folio,15.0,15e
samsons saga,samsons saga fagra,,british and english traditions,cycle of arthur,additional,add. 4863. ff. 47-68 b,add. 4863.,ff. 47-68 b,407,additional add. 4863. ff. 47-68 b,paper,folio,,unknown
lays of marie de fiance,lays of marie de france,,british and english traditions,,harley,harley 978. ff. 118-160,harley 978.,ff. 118-160,408,harley 978. ff. 118-160,vellum,quarto,,unknown
sir gowghter,sir gowghter,,british and english traditions,,royal,17. b. xliii. ff. 116-131 b,17. b. xliii.,ff. 116-131 b,419,royal 17. b. xliii. ff. 116-131 b,vellum,quarto,15.0,15e
hanes taliesin,hanes taliesin,,british and english traditions,,additional,"add. 14,697. ff. 205-208 b","add. 14,697.",ff. 205-208 b,421,"additional add. 14,697. ff. 205-208 b",paper,quarto,18.0,18e
hanes taliesin,hanes taliesin,,british and english traditions,,additional,"add. 15,002. ff. 144 b-147 b","add. 15,002.",ff. 144 b-147 b,421,"additional add. 15,002. ff. 144 b-147 b",paper,quarto,18.0,18e
king horn,king horn,,british and english traditions,,harley,harley 527. ff. 59-73 b,harley 527.,ff. 59-73 b,447,harley 527. ff. 59-73 b,vellum,quarto,,unknown
king horn,king horn,,british and english traditions,,harley,harley 2253. ff. 83-92 b,harley 2253.,ff. 83-92 b,447,harley 2253. ff. 83-92 b,,,,unknown
pontus et sidoine,pontus and sidoine,,british and english traditions,,royal,15. e. vi. ff. 207-226 b,15. e. vi.,ff. 207-226 b,469,royal 15. e. vi. ff. 207-226 b,vellum,folio,15.0,15e
guy of warwick,guy of warwick,,british and english traditions,,royal,8. f. ix. ff. 105-159,8. f. ix.,ff. 105-159,471,royal 8. f. ix. ff. 105-159,,,,unknown
guy of warwick,guy of warwick,,british and english traditions,,cotton,vespasian d. ix. ff. 40-43 b,vespasian d. ix.,ff. 40-43 b,471,cotton vespasian d. ix. ff. 40-43 b,paper,quarto,16.0,16e
guy of warwick,guy of warwick,,british and english traditions,,harley,harley 3775. ff. 15-26 b,harley 3775.,ff. 15-26 b,471,harley 3775. ff. 15-26 b,vellum,folio,13.0,13e
guy of warwick,guy of warwick,,british and english traditions,,harley,harley 5243,harley 5243,,471,harley 5243,,,,unknown
guy of warwick,guy of warwick,,british and english traditions,,harley,harley 7333. ff. 33-35 b,harley 7333.,ff. 33-35 b,471,harley 7333. ff. 33-35 b,,,,unknown
guy of warwick,guy of warwick,,british and english traditions,,lansdowne,lansdowne 699. ff. 18 b-27 b,lansdowne 699.,ff. 18 b-27 b,471,lansdowne 699. ff. 18 b-27 b,,,,unknown
guy of warwick,guy of warwick,,british and english traditions,,sloane,sloane 1044. ff. 625,sloane 1044.,ff. 625,471,sloane 1044. ff. 625,,,,unknown
guy of warwick,guy of warwick,,british and english traditions,,additional,"add. 14,408. ff. 74-77","add. 14,408.",ff. 74-77,471,"additional add. 14,408. ff. 74-77",,,,unknown
fulk fitz-warin,fulk fitz-warin,,british and english traditions,,royal,12. c. xii. ff. 33-60 b,12. c. xii.,ff. 33-60 b,501,royal 12. c. xii. ff. 33-60 b,vellum,octavo,4.0,4e
tale of gamelyn,tale of gamelyn,,british and english traditions,,royal,17. d. xv. ff. 66 b-79 b,17. d. xv.,ff. 66 b-79 b,509,royal 17. d. xv. ff. 66 b-79 b,paper,folio,15.0,15e
tale of gamelyn,tale of gamelyn,,british and english traditions,,royal,18. c. ii. ff. 56 b-67 b,18. c. ii.,ff. 56 b-67 b,509,royal 18. c. ii. ff. 56 b-67 b,vellum,folio,,unknown
tale of gamelyn,tale of gamelyn,,british and english traditions,,harley,harley 1758. ff. 48-55,harley 1758.,ff. 48-55,509,harley 1758. ff. 48-55,vellum,folio,15.0,15e
tale of gamelyn,tale of gamelyn,,british and english traditions,,harley,harley 7334. ff. 59-70 b,harley 7334.,ff. 59-70 b,509,harley 7334. ff. 59-70 b,,,,unknown
tale of gamelyn,tale of gamelyn,,british and english traditions,,lansdowne,lansdowne 851. ff. 54 b-65,lansdowne 851.,ff. 54 b-65,509,lansdowne 851. ff. 54 b-65,vellum,folio,15.0,15e
tale of gamelyn,tale of gamelyn,,british and english traditions,,sloane,sloane 1685. ff. 51 b-62 b,sloane 1685.,ff. 51 b-62 b,509,sloane 1685. ff. 51 b-62 b,vellum,folio,,unknown
tale of gamelyn,tale of gamelyn,,british and english traditions,,sloane,sloane 1686. ff. 71-86 b,sloane 1686.,ff. 71-86 b,509,sloane 1686. ff. 71-86 b,paper,folio,15.0,15e
robin and gandeleyn,robyn and gandelyn,,british and english traditions,,sloane,sloane 2593. ff. 14 b-15 b,sloane 2593.,ff. 14 b-15 b,516,sloane 2593. ff. 14 b-15 b,paper,quarto,15.0,15e
scottish ballads,scottish ballads,,british and english traditions,,additional,"add. 22,311","add. 22,311",,531,"additional add. 22,311",paper,folio,19.0,19e
turpin's chronicle,turpin's chronicle,,french traditions,cycle of charlemagne,royal,4. c. xi. ff. 280-286 b,4. c. xi.,ff. 280-286 b,546,royal 4. c. xi. ff. 280-286 b,vellum,folio,,unknown
turpin's chronicle,turpin's chronicle,,french traditions,cycle of charlemagne,royal,13. d. i. ff. 212 b-222,13. d. i.,ff. 212 b-222,546,royal 13. d. i. ff. 212 b-222,vellum,folio,14.0,14e
turpin's chronicle,turpin's chronicle,,french traditions,cycle of charlemagne,cotton,nero a. xi. ff. 8-63,nero a. xi.,ff. 8-63,546,cotton nero a. xi. ff. 8-63,,,,unknown
turpin's chronicle,turpin's chronicle,,french traditions,cycle of charlemagne,harley,harley 108. ff. 4 b-31 b,harley 108.,ff. 4 b-31 b,546,harley 108. ff. 4 b-31 b,vellum,octavo,5.0,5e
turpin's chronicle,turpin's chronicle,,french traditions,cycle of charlemagne,harley,harley 273. ff. 86-102 b,harley 273.,ff. 86-102 b,546,harley 273. ff. 86-102 b,vellum,octavo,,unknown
turpin's chronicle,turpin's chronicle,,french traditions,cycle of charlemagne,harley,harley 2361. ff. 138-139 b,harley 2361.,ff. 138-139 b,546,harley 2361. ff. 138-139 b,vellum,,15.0,15e
turpin's chronicle,turpin's chronicle,,french traditions,cycle of charlemagne,harley,harley 2500. ff. 139-155,harley 2500.,ff. 139-155,546,harley 2500. ff. 139-155,paper,folio,,unknown
turpin's chronicle,turpin's chronicle,,french traditions,cycle of charlemagne,harley,harley 3043. ff. 17-31,harley 3043.,ff. 17-31,546,harley 3043. ff. 17-31,,,,unknown
turpin's chronicle,turpin's chronicle,,french traditions,cycle of charlemagne,harley,harley 6358. ff. 60-83,harley 6358.,ff. 60-83,546,harley 6358. ff. 60-83,vellum,quarto,,unknown
turpin's chronicle,turpin's chronicle,,french traditions,cycle of charlemagne,arundel,arundel 220. ff. 284-298 b,arundel 220.,ff. 284-298 b,546,arundel 220. ff. 284-298 b,,,,unknown
turpin's chronicle,turpin's chronicle,,french traditions,cycle of charlemagne,additional,add. 6924. ff. 297-303,add. 6924.,ff. 297-303,546,additional add. 6924. ff. 297-303,paper,quarto,,unknown
turpin's chronicle,turpin's chronicle,,french traditions,cycle of charlemagne,additional,"add. 12,213. ff. 1-184 b","add. 12,213.",ff. 1-184 b,546,"additional add. 12,213. ff. 1-184 b",vellum,quarto,,unknown
turpin's chronicle,turpin's chronicle,,french traditions,cycle of charlemagne,additional,"add. 17,920. ff. 6 b-19 b","add. 17,920.",ff. 6 b-19 b,546,"additional add. 17,920. ff. 6 b-19 b",vellum,folio,,unknown
turpin's chronicle,turpin's chronicle,,french traditions,cycle of charlemagne,additional,"add. 19,513. ff. 141-163","add. 19,513.",ff. 141-163,546,"additional add. 19,513. ff. 141-163",,,,unknown
karolellus,karolellus,,french traditions,cycle of charlemagne,royal,13. a. xviii. ff. 136-149 b,13. a. xviii.,ff. 136-149 b,595,royal 13. a. xviii. ff. 136-149 b,,folio,14.0,14e
philomena,philomena,,french traditions,cycle of charlemagne,additional,"add. 21,218","add. 21,218",,596,"additional add. 21,218",vellum,octavo,4.0,4e
aspremont,aspremont,,french traditions,cycle of charlemagne,additional,"add. 10,508. ff. 1-63 b","add. 10,508.",ff. 1-63 b,598,"additional add. 10,508. ff. 1-63 b",paper,folio,,unknown
enfances ogier,enfances ogier,adenet le roi,french traditions,cycle of charlemagne,harley,harley 4404. ff. 102-251 b,harley 4404.,ff. 102-251 b,610,harley 4404. ff. 102-251 b,,,,unknown
quatre fils aimon,quatre fils aimon,,french traditions,cycle of charlemagne,royal,16. g. ii.,16. g. ii.,,619,royal 16. g. ii.,vellum,folio,15.0,15e
quatre fils aimon,quatre fils aimon,,french traditions,cycle of charlemagne,sloane,sloane 960,sloane 960,,619,sloane 960,paper,quarto,,unknown
guillaume d'orange,guillaume d'orange,,french traditions,,royal,20. d. xi.,20. d. xi.,,632,royal 20. d. xi.,,,,unknown
guillaume d'orange,guillaume d'orange,,french traditions,,harley,harley 1321,harley 1321,,632,harley 1321,,,,unknown
girard de roussillon,girard de roussillon,,french traditions,,harley,harley 4334,harley 4334,,663,harley 4334,vellum,,,unknown
reali di francia,reali di francia,,french traditions,,additional,"add. 22,312","add. 22,312",,672,"additional add. 22,312",,,,unknown
ricciardetto,riccardetto,niccolo fortiguerra,french traditions,,additional,"add. 10,321","add. 10,321",,680,"additional add. 10,321",paper,quarto,18.0,18e
magus saga,magus saga jarls,,french traditions,,additional,add. 4860. ff. 157-188 b,add. 4860.,ff. 157-188 b,684,additional add. 4860. ff. 157-188 b,paper,folio,,unknown
magus saga,magus saga jarls,,french traditions,,additional,add. 4874. ff. 1-66,add. 4874.,ff. 1-66,684,additional add. 4874. ff. 1-66,paper,quarto,18.0,18e
mélusine,mélusine,,french traditions,,royal,18. b. ii.,18. b. ii.,,687,royal 18. b. ii.,paper,quarto,16.0,16e
mélusine,mélusine,,french traditions,,harley,harley 4418,harley 4418,,687,harley 4418,vellum,folio,5.0,5e
mélusine,mélusine,,french traditions,,additional,add. 6796,add. 6796,,687,additional add. 6796,paper,folio,15.0,15e
partonopeus de blois,partonopeus de blois,,french traditions,,additional,"add. 15,212. ff. 14 b-196 b","add. 15,212.",ff. 14 b-196 b,698,"additional add. 15,212. ff. 14 b-196 b",paper,quarto,,unknown
florence de rome,florence de rome,,miscellaneous romance,,lansdowne,"lansdowne 362. ff. 75*, 75**, 76, 77",lansdowne 362.,"ff. 75*, 75**, 76, 77",711,"lansdowne 362. ff. 75*, 75**, 76, 77",vellum,quarto,1.0,1e
the chaste duchess,the chaste duchess,jacob wimpheling,miscellaneous romance,,additional,"add. 25,569. ff. 15 b-21","add. 25,569.",ff. 15 b-21,713,"additional add. 25,569. ff. 15 b-21",paper,octavo,15.0,15e
floire et blancheflor,floire et blancheflor,,miscellaneous romance,,additional,"add. 15,213","add. 15,213",,714,"additional add. 15,213",paper,quarto,,unknown
filocolo,filocolo,boccaccio,miscellaneous romance,,harley,harley 3314,harley 3314,,716,harley 3314,paper,folio,,unknown
filocolo,filocolo,boccaccio,miscellaneous romance,,additional,"add. 14,682","add. 14,682",,716,"additional add. 14,682",paper,folio,15.0,15e
"le dit de guillaume d'angleterre, etc","les deux chevaliers, and le dit de guillaume d'angleterre",,miscellaneous romance,,additional,"add. 15,606. ff. 110, col. 2,-113, col. 2; and 140 b-152","add. 15,606.","ff. 110, col. 2,-113, col. 2; and 140 b-152",757,"additional add. 15,606. ff. 110, col. 2,-113, col. 2; and 140 b-152",,,,unknown
king robert of sicily,king robert of sicily,,miscellaneous romance,,harley,harley 1701. ff. 92-95,harley 1701.,ff. 92-95,763,harley 1701. ff. 92-95,vellum,quarto,5.0,5e
king robert of sicily,king robert of sicily,,miscellaneous romance,,additional,"add. 22,283. ff. 90 b-91 b","add. 22,283.",ff. 90 b-91 b,763,"additional add. 22,283. ff. 90 b-91 b",,,,unknown
the king of tars,the diana of montemayor,,miscellaneous romance,,additional,"add. 18,688","add. 18,688",,767,"additional add. 18,688",paper,quarto,17.0,17e
theseus de cologne,theseus de cologne,,miscellaneous romance,,additional,"add. 16,955","add. 16,955",,769,"additional add. 16,955",paper,folio,,unknown
petit jean de saintré,petit jean de saintré,antoine de la salle,miscellaneous romance,,cotton,nero d. ix. ff. 1-108,nero d. ix.,ff. 1-108,775,cotton nero d. ix. ff. 1-108,,,,unknown
petit jean de saintré,petit jean de saintré,antoine de la salle,miscellaneous romance,,additional,"add. 11,614","add. 11,614",,775,"additional add. 11,614",,,,unknown
the three kings' sons,the three kings' sons,,miscellaneous romance,,harley,harley 326. ff. 8-123 b,harley 326.,ff. 8-123 b,782,harley 326. ff. 8-123 b,vellum,quarto,15.0,15e
uberto and philomena,uberto and philomena,,miscellaneous romance,,additional,"add. 12,196. ff. 1-48 b","add. 12,196.",ff. 1-48 b,784,"additional add. 12,196. ff. 1-48 b",paper,folio,15.0,15e
amadis de gaula (english translation),amadis de gaula,,miscellaneous romance,,lansdowne,lansdowne 766. ff. 1-18 b,lansdowne 766.,ff. 1-18 b,787,lansdowne 766. ff. 1-18 b,paper,quarto,6.0,6e
fiammetta,fiammetta,boccaccio,miscellaneous romance,,harley,harley 3573,harley 3573,,792,harley 3573,paper,folio,15.0,15e
fiammetta,fiammetta,boccaccio,miscellaneous romance,,harley,harley 5427,harley 5427,,792,harley 5427,vellum,octavo,15.0,15e
corbaccio,corbaccio,boccaccio,miscellaneous romance,,harley,harley 3581,harley 3581,,794,harley 3581,,,,unknown
theagenes and stelliana,theagenes and stelliana,sir kenelm digby,miscellaneous romance,,harley,harley 6758,harley 6758,,795,harley 6758,paper,folio,,unknown
aronus and marina,aronus and marina,,miscellaneous romance,,harley,harley 2678. ff. 93-96 b,harley 2678.,ff. 93-96 b,797,harley 2678. ff. 93-96 b,,,,unknown
antiochus,tale of antiochus,leonardo bruni,miscellaneous romance,,harley,harley 3830. ff. 11 b-17 b,harley 3830.,ff. 11 b-17 b,798,harley 3830. ff. 11 b-17 b,paper,quarto,15.0,15e
tale of two lovers,tale of two lovers,aeneas sylvius,miscellaneous romance,,royal,12. c. xx. ff. 17-46,12. c. xx.,ff. 17-46,799,royal 12. c. xx. ff. 17-46,vellum,quarto,15.0,15e
tale of two lovers,tale of two lovers,aeneas sylvius,miscellaneous romance,,harley,harley 1883. ff. 119-135 b,harley 1883.,ff. 119-135 b,799,harley 1883. ff. 119-135 b,paper,folio,15.0,15e
tale of two lovers,tale of two lovers,aeneas sylvius,miscellaneous romance,,harley,harley 2492. ff. 154 b-169 b,harley 2492.,ff. 154 b-169 b,799,harley 2492. ff. 154 b-169 b,paper,folio,15.0,15e
cassandra,cassandra,gautier de costes (english translation),miscellaneous romance,,sloane,sloane 457,sloane 457,,803,sloane 457,paper,,17.0,17e
contes et fabliaux,contes et fabliaux,,miscellaneous romance,,additional,"add. 15,210-15,213","add. 15,210-15,213",,804,"additional add. 15,210-15,213",paper,quarto,8.0,8e
romances and ballads,romances and ballads,,miscellaneous romance,,additional,"add. 27,979","add. 27,979",,817,"additional add. 27,979",paper,folio,,unknown
"tales and fables, etc (german)",tales and fables,,miscellaneous romance,,additional,"add. 24,946","add. 24,946",,826,"additional add. 24,946",,,,unknown
romantic tales (icelandic),two romantic tales,,miscellaneous romance,,additional,"add. 11,241. ff. 95, 140","add. 11,241.","ff. 95, 140",841,"additional add. 11,241. ff. 95, 140",,,,unknown
romantic tales (icelandic),two romantic tales,,miscellaneous romance,,additional,"add. 24,973. ff. 2-69 b","add. 24,973.",ff. 2-69 b,841,"additional add. 24,973. ff. 2-69 b",paper,octavo,19.0,19e
roman de la rose,roman de la rose,guillaume de lorris and jean de meung,allegorical and didactic romance,,royal,19. a. xviii.,19. a. xviii.,,874,royal 19. a. xviii.,,,,unknown
roman de la rose,roman de la rose,guillaume de lorris and jean de meung,allegorical and didactic romance,,royal,19. b. xii. ff. 2-147 b,19. b. xii.,ff. 2-147 b,874,royal 19. b. xii. ff. 2-147 b,,,,unknown
roman de la rose,roman de la rose,guillaume de lorris and jean de meung,allegorical and didactic romance,,royal,19. b. xiii.,19. b. xiii.,,874,royal 19. b. xiii.,,,,unknown
roman de la rose,roman de la rose,guillaume de lorris and jean de meung,allegorical and didactic romance,,royal,20. a. xvii.,20. a. xvii.,,874,royal 20. a. xvii.,vellum,quarto,,unknown
roman de la rose,roman de la rose,guillaume de lorris and jean de meung,allegorical and didactic romance,,royal,20. d. vii.,20. d. vii.,,874,royal 20. d. vii.,vellum,folio,,unknown
roman de la rose,roman de la rose,guillaume de lorris and jean de meung,allegorical and didactic romance,,harley,harley 4425,harley 4425,,874,harley 4425,vellum,folio,15.0,15e
roman de la rose,roman de la rose,guillaume de lorris and jean de meung,allegorical and didactic romance,,additional,"add. 12,042","add. 12,042",,874,"additional add. 12,042",vellum,quarto,15.0,15e
roman de la rose,roman de la rose,guillaume de lorris and jean de meung,allegorical and didactic romance,,additional,"add. 16,169. ff. 1, 477","add. 16,169.","ff. 1, 477",874,"additional add. 16,169. ff. 1, 477",vellum,folio,14.0,14e
roman de la rose,roman de la rose,guillaume de lorris and jean de meung,allegorical and didactic romance,,additional,"add. 31,840","add. 31,840",,874,"additional add. 31,840",vellum,folio,,unknown
roman de la rose,roman de la rose,guillaume de lorris and jean de meung,allegorical and didactic romance,,egerton,egerton 881,egerton 881,,874,egerton 881,paper,quarto,15.0,15e
roman de la rose,roman de la rose,guillaume de lorris and jean de meung,allegorical and didactic romance,,egerton,egerton 1069,egerton 1069,,874,egerton 1069,vellum,folio,,unknown
roman de la rose,roman de la rose,guillaume de lorris and jean de meung,allegorical and didactic romance,,egerton,egerton 2022,egerton 2022,,874,egerton 2022,vellum,octavo,,unknown
chemin de vaillance,le chemin de vaillance,jean de courcy,allegorical and didactic romance,,royal,14. e. ii. ff. 1-293,14. e. ii.,ff. 1-293,895,royal 14. e. ii. ff. 1-293,,,,unknown
sydrac and boctus,sydrac and boctus,,allegorical and didactic romance,,royal,16. f. v. ff. 1-113 b,16. f. v.,ff. 1-113 b,903,royal 16. f. v. ff. 1-113 b,vellum,folio,,unknown
sydrac and boctus,sydrac and boctus,,allegorical and didactic romance,,harley,harley 1121. ff. 1-140,harley 1121.,ff. 1-140,903,harley 1121. ff. 1-140,vellum,quarto,,unknown
sydrac and boctus,sydrac and boctus,,allegorical and didactic romance,,harley,harley 4294. ff. 1-79 b,harley 4294.,ff. 1-79 b,903,harley 4294. ff. 1-79 b,paper,folio,,unknown
sydrac and boctus,sydrac and boctus,,allegorical and didactic romance,,harley,harley 4361,harley 4361,,903,harley 4361,vellum,folio,14.0,14e
sydrac and boctus,sydrac and boctus,,allegorical and didactic romance,,harley,harley 4417. ff. 1-141 b,harley 4417.,ff. 1-141 b,903,harley 4417. ff. 1-141 b,vellum,folio,14.0,14e
sydrac and boctus,sydrac and boctus,,allegorical and didactic romance,,harley,harley 4486. ff. 69-146,harley 4486.,ff. 69-146,903,harley 4486. ff. 69-146,vellum,folio,,unknown
sydrac and boctus,sydrac and boctus,,allegorical and didactic romance,,lansdowne,lansdowne 793,lansdowne 793,,903,lansdowne 793,vellum,folio,,unknown
sydrac and boctus,sydrac and boctus,,allegorical and didactic romance,,sloane,sloane 2232,sloane 2232,,903,sloane 2232,paper,,16.0,16e
sydrac and boctus,sydrac and boctus,,allegorical and didactic romance,,additional,"add. 10,286. ff. 2-114","add. 10,286.",ff. 2-114,903,"additional add. 10,286. ff. 2-114",paper,quarto,,unknown
sydrac and boctus,sydrac and boctus,,allegorical and didactic romance,,additional,"add. 16,563","add. 16,563",,903,"additional add. 16,563",vellum,quarto,14.0,14e
sydrac and boctus,sydrac and boctus,,allegorical and didactic romance,,additional,"add. 17,914","add. 17,914",,903,"additional add. 17,914",vellum,quarto,14.0,14e
titurel,titurel,albrecht von scharfenberg,appendix,,additional,add. 30984,add. 30984,,932,additional add. 30984,,,,unknown
"life of harold, king of england","life of harold, king of england",,appendix,,harley,harley 3776. ff. 1-24 b,harley 3776.,ff. 1-24 b,941,harley 3776. ff. 1-24 b,,,,unknown
,historia regum britanniae,,,,royal,13. a. iii. ff. 1-133,13. a. iii.,ff. 1-133,237,royal 13. a. iii. ff. 1-133,vellum,octavo,14.0,14e
,historia regum britanniae,,,,royal,13. d. ii. ff. 124-173 b,13. d. ii.,ff. 124-173 b,228,royal 13. d. ii. ff. 124-173 b,vellum,folio,,unknown
,historia regum britanniae,,,,royal,13. d. v. ff. 1-37 b,13. d. v.,ff. 1-37 b,229,royal 13. d. v. ff. 1-37 b,,folio,,unknown
,historia regum britanniae,,,,cotton,vespasian a. xxiii. ff. 4-106 b,vespasian a. xxiii.,ff. 4-106 b,241,cotton vespasian a. xxiii. ff. 4-106 b,vellum,quarto,4.0,4e
,historia regum britanniae,,,,cotton,titus a. xviii. ff. 13-82,titus a. xviii.,ff. 13-82,243,cotton titus a. xviii. ff. 13-82,vellum,quarto,14.0,14e
,historia regum britanniae,,,,cotton,titus a. xxv. ff. 105-116 b,titus a. xxv.,ff. 105-116 b,244,cotton titus a. xxv. ff. 105-116 b,vellum,quarto,14.0,14e
,historia regum britanniae,,,,cotton,titus a. xxvii. ff. 1 b-87,titus a. xxvii.,ff. 1 b-87,231,cotton titus a. xxvii. ff. 1 b-87,vellum,quarto,,unknown
,historia regum britanniae,,,,cotton,titus c. xvii.,titus c. xvii.,,203,cotton titus c. xvii.,,,,unknown
,historia regum britanniae,,,,harley,harley 225. ff. 3-78,harley 225.,ff. 3-78,222,harley 225. ff. 3-78,vellum,folio,12.0,12e
,historia regum britanniae,,,,harley,harley 536. ff. 58-61,harley 536.,ff. 58-61,226,harley 536. ff. 58-61,vellum,octavo,,unknown
,historia regum britanniae,,,,harley,harley 3773. ff. 7-57,harley 3773.,ff. 7-57,223,harley 3773. ff. 7-57,vellum,quarto,,unknown
,historia regum britanniae,,,,harley,harley 4003. ff. 81-141 b,harley 4003.,ff. 81-141 b,244,harley 4003. ff. 81-141 b,vellum,quarto,14.0,14e
,historia regum britanniae,,,,harley,harley 5115. ff. 87-150,harley 5115.,ff. 87-150,245,harley 5115. ff. 87-150,vellum,folio,4.0,4e
,historia regum britanniae,,,,lansdowne,lansdowne 732. ff. 1-68 b,lansdowne 732.,ff. 1-68 b,233,lansdowne 732. ff. 1-68 b,vellum,octavo,,unknown
,historia regum britanniae,,,,arundel,arundel 10,arundel 10,,224,arundel 10,,,,unknown
,historia regum britanniae,,,,arundel,arundel 237,arundel 237,,241,arundel 237,vellum,folio,,unknown
,historia regum britanniae,,,,arundel,arundel 319. ff. 16-97 b,arundel 319.,ff. 16-97 b,232,arundel 319. ff. 16-97 b,vellum,quarto,,unknown
,historia regum britanniae,,,,arundel,arundel 326. ff. 63-122 b,arundel 326.,ff. 63-122 b,246,arundel 326. ff. 63-122 b,vellum,quarto,5.0,5e
,historia regum britanniae,,,,arundel,arundel 403,arundel 403,,225,arundel 403,vellum,folio,,unknown
,historia regum britanniae,,,,arundel,arundel 409. ff. 54-77,arundel 409.,ff. 54-77,233,arundel 409. ff. 54-77,vellum,quarto,1.0,1e
,historia regum britanniae,,,,sloane,sloane 289. ff. 120-133,sloane 289.,ff. 120-133,250,sloane 289. ff. 120-133,vellum,quarto,15.0,15e
,historia regum britanniae,,,,additional,"add. 11,702. ff. 11-88","add. 11,702.",ff. 11-88,247,"additional add. 11,702. ff. 11-88",vellum,octavo,14.0,14e
,historia regum britanniae,,,,additional,"add. 15,732","add. 15,732",,234,"additional add. 15,732",vellum,quarto,,unknown
,prophecy of merlin silvester,,,,royal,5. f. xv. ff. 3 b,5. f. xv.,ff. 3 b,313,royal 5. f. xv. ff. 3 b,vellum,quarto,,unknown
,letters between alexander and dindimus,,,,royal,6. e. iii. ff. 111 b-112 b,6. e. iii.,ff. 111 b-112 b,138,royal 6. e. iii. ff. 111 b-112 b,vellum,folio,15.0,15e
,letters between alexander and dindimus,,,,royal,7. a. i. ff. 68 b-69 b,7. a. i.,ff. 68 b-69 b,137,royal 7. a. i. ff. 68 b-69 b,vellum,quarto,,unknown
,prophecies of merlin,,,,royal,8. d. iii. ff. 160 b-163,8. d. iii.,ff. 160 b-163,297,royal 8. d. iii. ff. 160 b-163,vellum,folio,1.0,1e
,prophecies of merlin,,,,cotton,"julius a. v. ff. 5, 53-57b, 177 b-179, and 180-181 b",julius a. v.,"ff. 5, 53-57b, 177 b-179, and 180-181 b",299,"cotton julius a. v. ff. 5, 53-57b, 177 b-179, and 180-181 b",vellum,octavo,,unknown
,prophecies of merlin,,,,cotton,tiberius a. ix. ff. 2-6,tiberius a. ix.,ff. 2-6,295,cotton tiberius a. ix. ff. 2-6,,,,unknown
,prophecies of merlin,,,,cotton,nero a. iv. ff. 63-76 b,nero a. iv.,ff. 63-76 b,297,cotton nero a. iv. ff. 63-76 b,vellum,octavo,14.0,14e
,prophecies of merlin,,,,cotton,cleopatra c. iv. ff. 74-122,cleopatra c. iv.,ff. 74-122,310,cotton cleopatra c. iv. ff. 74-122,paper,quarto,,unknown
,prophecies of merlin,,,,cotton,faustina a. viii. ff. 109 b-116,faustina a. viii.,ff. 109 b-116,292,cotton faustina a. viii. ff. 109 b-116,,,,unknown
,prophecies of merlin,,,,arundel,arundel 66. ff. 267-268 b and 291 b,arundel 66.,ff. 267-268 b and 291 b,301,arundel 66. ff. 267-268 b and 291 b,vellum,folio,15.0,15e
,prophecy on scotland,,,,royal,9. b. ix. ff. 2,9. b. ix.,ff. 2,327,royal 9. b. ix. ff. 2,vellum,folio,,unknown
,alexander the great,,,,royal,12. c. iv. ff. 138-170,12. c. iv.,ff. 138-170,112,royal 12. c. iv. ff. 138-170,vellum,quarto,,unknown
,alexander the great,,,,royal,13. a. i.,13. a. i.,,106,royal 13. a. i.,vellum,octavo,11.0,11e
,alexander the great,,,,royal,15. c. vi. ff. 102 b-130 b,15. c. vi.,ff. 102 b-130 b,110,royal 15. c. vi. ff. 102 b-130 b,vellum,folio,,unknown
,alexander the great,,,,royal,20. a. v.,20. a. v.,,125,royal 20. a. v.,vellum,quarto,,unknown
,alexander the great,,,,royal,20. b. xx.,20. b. xx.,,128,royal 20. b. xx.,vellum,folio,,unknown
,alexander the great,,,,cotton,cleopatra d. v. ff. 165 b-183,cleopatra d. v.,ff. 165 b-183,114,cotton cleopatra d. v. ff. 165 b-183,,,,unknown
,alexander the great,,,,harley,harley 2682. ff. 180-192,harley 2682.,ff. 180-192,109,harley 2682. ff. 180-192,vellum,folio,,unknown
,alexander the great,,,,harley,harley 4979,harley 4979,,127,harley 4979,,,,unknown
,alexander the great,,,,harley,harley 5054. ff. 124 b-181,harley 5054.,ff. 124 b-181,119,harley 5054. ff. 124 b-181,vellum,quarto,,unknown
,alexander the great,,,,sloane,sloane 1619. ff. 3-17 b,sloane 1619.,ff. 3-17 b,112,sloane 1619. ff. 3-17 b,vellum,quarto,,unknown
,alexander the great,,,,sloane,sloane 1785. ff. 2-13,sloane 1785.,ff. 2-13,131,sloane 1785. ff. 2-13,,,,unknown
,story of troy,,,,royal,"13. a. iv. ff. 22 b-23 b, 76-81 b",13. a. iv.,"ff. 22 b-23 b, 76-81 b",27,"royal 13. a. iv. ff. 22 b-23 b, 76-81 b",vellum,octavo,,unknown
,prophecies of merlin silvester,,,,royal,13. e. ix. ff. 27,13. e. ix.,ff. 27,314,royal 13. e. ix. ff. 27,vellum,folio,14.0,14e
,prophecies of merlin silvester,,,,cotton,cotton appendix iv. ff. 102 b,cotton appendix iv.,ff. 102 b,315,cotton appendix iv. ff. 102 b,vellum,folio,,unknown
,voyage of charlemagne to jerusalem and constantinople,,,,royal,16. e. ff. 131-144 b,16. e.,ff. 131-144 b,625,royal 16. e. ff. 131-144 b,,,,unknown
,recueil des histoires de troie,,,,royal,17. e. ii.,17. e. ii.,,64,royal 17. e. ii.,vellum,folio,,unknown
,prophecy of merlin,,,,cotton,titus d. vii. ff. 26-36,titus d. vii.,ff. 26-36,301,cotton titus d. vii. ff. 26-36,vellum,quarto,15.0,15e
,prophecy of merlin,,,,harley,harley 838. ff. 92-93 b,harley 838.,ff. 92-93 b,302,harley 838. ff. 92-93 b,paper,folio,16.0,16e
,prophecy of merlin,,,,additional,"add. 25,014. ff. 119 b, col. 2","add. 25,014.","ff. 119 b, col. 2",292,"additional add. 25,014. ff. 119 b, col. 2",vellum,folio,,unknown
,prophecies,,,,cotton,"claudius e. viii. ff. 1 b, 23",claudius e. viii.,"ff. 1 b, 23",317,"cotton claudius e. viii. ff. 1 b, 23",vellum,folio,,unknown
,prophecies,,,,cotton,titus d. xix. ff. 118,titus d. xix.,ff. 118,319,cotton titus d. xix. ff. 118,paper,quarto,,unknown
,prophecies,,,,cotton,"faustina b. ix. ff. 241 b, 242",faustina b. ix.,"ff. 241 b, 242",319,"cotton faustina b. ix. ff. 241 b, 242",vellum,quarto,15.0,15e
,merlin's prophecy of the six kings,,,,harley,harley 746. ff. 1 b-3,harley 746.,ff. 1 b-3,309,harley 746. ff. 1 b-3,vellum,folio,,unknown
,lisamon's brut,,,,cotton,otho c. xiii.,otho c. xiii.,,271,cotton otho c. xiii.,,,,unknown
,floyras and blanchefleur,,,,cotton,vitellius d. iii. ff. 6-8 b,vitellius d. iii.,ff. 6-8 b,716,cotton vitellius d. iii. ff. 6-8 b,vellum,folio,,unknown
,ipomodon,,,,cotton,vespasian a. vii. ff. 37-104,vespasian a. vii.,ff. 37-104,728,cotton vespasian a. vii. ff. 37-104,vellum,octavo,,unknown
,lanval,,,,cotton,vespasian b. xiv. ff. 1-8 b,vespasian b. xiv.,ff. 1-8 b,415,cotton vespasian b. xiv. ff. 1-8 b,vellum,octavo,,unknown
,fall of troy,,,,cotton,cleopatra a. viii. ff. 56-58,cleopatra a. viii.,ff. 56-58,30,cotton cleopatra a. viii. ff. 56-58,vellum,quarto,,unknown
,fall of troy,,,,harley,harley 3202. ff. 114 b-115 b,harley 3202.,ff. 114 b-115 b,32,harley 3202. ff. 114 b-115 b,vellum,quarto,,unknown
,fall of troy and adventures of æneas,,,,cotton,vespasian b. xxiii. part iii. ff. 118 b-122 b,vespasian b. xxiii. part iii.,ff. 118 b-122 b,33,cotton vespasian b. xxiii. part iii. ff. 118 b-122 b,vellum,quarto,15.0,15e
,two prophecies,,,,cotton,vespasian d. xviii. ff. 125 b-127* b,vespasian d. xviii.,ff. 125 b-127* b,325,cotton vespasian d. xviii. ff. 125 b-127* b,paper,quarto,16.0,16e
,"prophecies of merlin, etc.",,,,cotton,"vespasian e. vii. ff. 78-126, 129, 130",vespasian e. vii.,"ff. 78-126, 129, 130",320,"cotton vespasian e. vii. ff. 78-126, 129, 130",vellum,octavo,15.0,15e
,whole prophecy of scotland,,,,cotton,vespasian e. viii. ff. 16-29,vespasian e. viii.,ff. 16-29,337,cotton vespasian e. viii. ff. 16-29,,,,unknown
,whole prophecy of scotland,,,,sloane,sloane 1802,sloane 1802,,334,sloane 1802,paper,,16.0,16e
,story of troy and adventures of æneas,,,,cotton,titus a. xx. ff. 99-104,titus a. xx.,ff. 99-104,29,cotton titus a. xx. ff. 99-104,,,,unknown
,"prophecy of the lily, the lion, and the son of man",,,,cotton,cleopatra d. iii. ff. 184,cleopatra d. iii.,ff. 184,318,cotton cleopatra d. iii. ff. 184,vellum,quarto,,unknown
,"prophecy of the lily, the lion, and the son of man",,,,harley,harley 1008. ff. 81,harley 1008.,ff. 81,318,harley 1008. ff. 81,paper,quarto,,unknown
,four prophecies,,,,cotton,cotton roll ii. 23,cotton roll ii. 23,,324,cotton roll ii. 23,,,,unknown
,political prophecies,,,,harley,"harley 559. ff. 1-13, 31-35, 39-48",harley 559.,"ff. 1-13, 31-35, 39-48",326,"harley 559. ff. 1-13, 31-35, 39-48",paper,quarto,1.0,1e
,letter of dindimus to alexander the great,,,,harley,harley 2488. ff. 114-117 b,harley 2488.,ff. 114-117 b,139,harley 2488. ff. 114-117 b,paper,folio,,unknown
,letter of dindimus to alexander the great,,,,arundel,"arundel 138. ff. 126, 126 b",arundel 138.,"ff. 126, 126 b",140,"arundel 138. ff. 126, 126 b",paper,folio,5.0,5e
,letter of dindimus to alexander the great,,,,sloane,sloane 3991. ff. 95-97,sloane 3991.,ff. 95-97,140,sloane 3991. ff. 95-97,paper,,17.0,17e
,l'ordène de chevalerie,,,,harley,harley 4333. ff. 115-117 b,harley 4333.,ff. 115-117 b,810,harley 4333. ff. 115-117 b,,,,unknown
,richard cœur-de-lion,,,,harley,harley 4690. ff. 106-115,harley 4690.,ff. 106-115,949,harley 4690. ff. 106-115,vellum,folio,15.0,15e
,prophecies taken from geoffrey of monmouth and others,,,,harley,harley 6148. ff. 86-98 b,harley 6148.,ff. 86-98 b,311,harley 6148. ff. 86-98 b,,,,unknown
,kings of britain,,,,lansdowne,lansdowne 214. ff. 85-193,lansdowne 214.,ff. 85-193,251,lansdowne 214. ff. 85-193,paper,folio,15.0,15e
,abridgement of historia trojana,,,,lansdowne,lansdowne 380. ff. 36-39 b,lansdowne 380.,ff. 36-39 b,59,lansdowne 380. ff. 36-39 b,paper,,,unknown
,chanson de roland,,,,lansdowne,lansdowne 388. ff. 381-395 b,lansdowne 388.,ff. 381-395 b,631,lansdowne 388. ff. 381-395 b,,,,unknown
,chanson d'aspremont,,,,lansdowne,lansdowne 782,lansdowne 782,,600,lansdowne 782,vellum,,,unknown
,"prophecies of merlin, gildas, and thomas of ercildoune",,,,arundel,arundel 57. ff. 4 b-11,arundel 57.,ff. 4 b-11,307,arundel 57. ff. 4 b-11,,,,unknown
,life of robin hood,,,,sloane,sloane 780. ff. 46-48 b,sloane 780.,ff. 46-48 b,517,sloane 780. ff. 46-48 b,,,,unknown
,collection of prophecies,,,,sloane,sloane 2578,sloane 2578,,333,sloane 2578,paper,quarto,16.0,16e
,three romantic tales,,,,additional,"add. 4870. ff. 62, 69, 83 b",add. 4870.,"ff. 62, 69, 83 b",851,"additional add. 4870. ff. 62, 69, 83 b",paper,quarto,1.0,1e
,three romantic tales,,,,additional,"add. 4875. ff. 1, 25 b, 54 b",add. 4875.,"ff. 1, 25 b, 54 b",854,"additional add. 4875. ff. 1, 25 b, 54 b",paper,quarto,18.0,18e
,saga of ajax frækni,,,,additional,add. 4884. ff. 167-178,add. 4884.,ff. 167-178,854,additional add. 4884. ff. 167-178,paper,quarto,,unknown
,merlínus spá,,,,additional,add. 6121. ff. 55-71,add. 6121.,ff. 55-71,304,additional add. 6121. ff. 55-71,paper,quarto,,unknown
,fioccolo,,,,additional,"add. 10,296","add. 10,296",,724,"additional add. 10,296",paper,folio,5.0,5e
,rimur of remund,,,,additional,"add. 11,110. ff. 101-144","add. 11,110.",ff. 101-144,855,"additional add. 11,110. ff. 101-144",paper,quarto,,unknown
,collection of anecdotes,,,,additional,"add. 11,153. ff. 182-263","add. 11,153.",ff. 182-263,865,"additional add. 11,153. ff. 182-263",paper,quarto,,unknown
,ten romantic tales,,,,additional,"add. 11,158. ff. 1, 24, 83, 71, 123, 201, 233, 251, 261 b, 268, 289","add. 11,158.","ff. 1, 24, 83, 71, 123, 201, 233, 251, 261 b, 268, 289",858,"additional add. 11,158. ff. 1, 24, 83, 71, 123, 201, 233, 251, 261 b, 268, 289",paper,quarto,1.0,1e
,patient griselda,,,,additional,"add. 11,163. ff. 120 b-136 b","add. 11,163.",ff. 120 b-136 b,865,"additional add. 11,163. ff. 120 b-136 b",paper,quarto,,unknown
,argenis,,,,additional,"add. 11,164","add. 11,164",,866,"additional add. 11,164",paper,folio,,unknown
,merlinus spá,,,,additional,"add. 11,174. ff. 85-98","add. 11,174.",ff. 85-98,307,"additional add. 11,174. ff. 85-98",paper,quarto,,unknown
,brut gruffydd ap arthur,,,,additional,"add. 14,903. ff. 20-177","add. 14,903.",ff. 20-177,258,"additional add. 14,903. ff. 20-177",paper,quarto,17.0,17e
,extracts from brut y brenhinoedd,,,,additional,"add. 15,003. ff. 1-13","add. 15,003.",ff. 1-13,259,"additional add. 15,003. ff. 1-13",paper,quarto,1.0,1e
,isarles y ffynnawn,,,,additional,"add. 15,035. ff. 57-61","add. 15,035.",ff. 57-61,393,"additional add. 15,035. ff. 57-61",paper,quarto,19.0,19e
,brut tyailio,,,,additional,"add. 15,566. ff. 6-140","add. 15,566.",ff. 6-140,254,"additional add. 15,566. ff. 6-140",paper,quarto,16.0,16e
,voeux du paon and restor du paon,,,,additional,"add. 16,888","add. 16,888",,150,"additional add. 16,888",vellum,octavo,14.0,14e
,amis and amylion,,,,additional,"add. 18,922. ff. 204-221 b","add. 18,922.",ff. 204-221 b,678,"additional add. 18,922. ff. 204-221 b",,quarto,,unknown
,may colvin,,,,additional,"add. 20,094. ff. 21-26, 30-32 b","add. 20,094.","ff. 21-26, 30-32 b",544,"additional add. 20,094. ff. 21-26, 30-32 b",,,,unknown
,story of sigurgaror,,,,additional,"add. 24,970","add. 24,970",,871,"additional add. 24,970",paper,quarto,18.0,18e
,fertrams saga,,,,additional,"add. 24,972. ff. 58-72 b","add. 24,972.",ff. 58-72 b,872,"additional add. 24,972. ff. 58-72 b",paper,quarto,,unknown
,"the grene knight, turke and gowin, the marriage of sir gawaine",,,,additional,"add. 27879. ff. 17 b-24 b, 101 b-105, 223 b-226 b",add. 27879.,"ff. 17 b-24 b, 101 b-105, 223 b-226 b",389,"additional add. 27879. ff. 17 b-24 b, 101 b-105, 223 b-226 b",paper,folio,2.0,2e
,a propecye,,,,additional,add. 27879 f 239 b,add. 27879 f 239 b,,327,additional add. 27879 f 239 b,,,,unknown
,robin hood's garland,,,,additional,add. 28638,add. 28638,,520,additional add. 28638,paper,quarto,18.0,18e
,ballads of scotland,,,,additional,"add. 29408, 29409","add. 29408, 29409",,537,"additional add. 29408, 29409",,,,unknown
,ipomedon and prothesilaus,,,,egerton,egerton 2515 ff. 3-141,egerton 2515,ff. 3-141,746,egerton 2515 ff. 3-141,vellum,folio,,unknown
